Affiliate URL,Image URL,Name,Description,Category
"https://s.click.aliexpress.com/e/_c4O1gwVj","https://ae-pic-a1.aliexpress-media.com/kf/Sa0dbb761640946cbbd571bf38b7d393eF.jpg_480x480q75.jpg_.avif","Aiternity Cushion-Cut Halo Studs | Sterling Silver Brilliance","Capture the light with breathtaking geometry. These Aiternity studs feature a premium cushion-cut Moissanite center, surrounded by a delicate halo of light-reflecting accents. Set in high-polish sterling silver, they offer a vintage-inspired look with modern, ethical brilliance. #MoissaniteStuds #CushionCut #TimelessJewelry #ad","Earrings"
"https://s.click.aliexpress.com/e/_c3NtKkrR","https://ae-pic-a1.aliexpress-media.com/kf/S829b1a3c1cbc4470a5384fb72a7d75fd5.jpg_480x480q75.jpg_.avif","Aiternity Six-Prong Round Studs | Classic Solitaire Fire","The gold standard of elegance. These round-cut Moissanite studs are secured by a sophisticated six-prong setting that maximizes light entry for unparalleled fire and brilliance. A versatile essential that transitions effortlessly from daily wear to black-tie glamour. #SolitaireStuds #AiternityJewelry #ClassicSparkle #ad","Earrings"
"https://s.click.aliexpress.com/e/_c4ePTo7P","https://ae-pic-a1.aliexpress-media.com/kf/Sce6372887d624b9aa3f55b36d2eccbe0Q.jpg_220x220q75.jpg_.avif","Bamoer 925 Sterling Round Studs | Minimalist Moissanite Chic","Pure, clean, and radiant. These Bamoer studs utilize the highest quality 925 sterling silver to house a brilliant round-cut Moissanite stone. Their minimalist design focuses on the stone's natural fire, making them an indispensable accessory for the modern minimalist. #BamoerJewelry #SterlingSilver #MinimalistLuxe #ad","Earrings"
"https://s.click.aliexpress.com/e/_c4B868t3","https://ae-pic-a1.aliexpress-media.com/kf/Saeee0b4396b64733b32610308c011888E.jpg_220x220q75.jpg_.avif","Bamoer Lustrous Pearl & Zircon Studs | Modern Heritage Grace","A poetic blend of classic and contemporary. These Bamoer earrings feature a lustrous freshwater-style pearl anchored by a shimmering Zircon-encrusted top. The combination of textures offers a sophisticated, feminine look that brings a touch of Old Money grace to your jewelry collection. #PearlEarrings #ZirconJewelry #ModernHeritage #ad","Earrings"
"https://s.click.aliexpress.com/e/_c3x15F5r","https://ae-pic-a1.aliexpress-media.com/kf/S2040ec9aaa0b474494d7ce17b0a4eb32L.jpg_480x480q75.jpg_.avif","Celestial Sunburst Crystal Studs | Radiant Solar Elegance","Harness the power of the sun. These earrings feature a dramatic sunburst design, with shimmering crystals radiating from a central point. The bold, celestial silhouette creates a stunning visual impact, framing the face with a burst of light that is perfect for both daily wear and special events. #SunburstEarrings #CelestialJewelry #SolarElegance #ad","Earrings"
"https://s.click.aliexpress.com/e/_c3EPpnF3","https://ae-pic-a1.aliexpress-media.com/kf/S83651986e99948d39c07d95078dc743ch.jpg_480x480q75.jpg_.avif","Chromatic Floral Gemstone Set | Vibrant Botanical Luxury","A garden of light for your wardrobe. This jewelry set features intricate floral designs encrusted with a spectrum of vibrant colorful gemstones. Including a matching necklace and earrings, it offers a high-energy, artistic look that brings a touch of nature’s brilliance to any special occasion. #GemstoneSet #FloralJewelry #ColorfulLuxury #ad","Earrings"
"https://s.click.aliexpress.com/e/_c3sG15LF","https://ae-pic-a1.aliexpress-media.com/kf/Sec522669a7a7457d9ef0dab716f97b51q.jpg_480x480q75.jpg_.avif","Diamond Gold Monolith | The Sovereign Radiant Vault","A masterclass in precious material architecture, combining statuesque gold geometry with high-velocity diamond anchors. This piece radiates an aura of elite-level power and unyielding heritage-grade luxury. #GoldEarrings #SovereignVault #DiamondStyle #ad","Earrings"
"https://s.click.aliexpress.com/e/_c2JpRvgV","https://ae-pic-a1.aliexpress-media.com/kf/Sc2954d205f3140e7984b6815caeb1aa7z.jpg_480x480q75.jpg_.avif","Diamond Stud Pillar | The Linear Geometric Shield","Utilizing statuesque diamond geometry and a high-authority framework to ensure an uncompromised structural presence. This piece radiates an aura of modernistic serenity and unyielding professional-grade polish. #DiamondStuds #LinearShield #GeometricStyle #ad","Earrings"
"https://s.click.aliexpress.com/e/_c2yCTuAH","https://ae-pic-a1.aliexpress-media.com/kf/Hd95927a2734747ba85c61f97905d553dy.jpg_480x480q75.jpg_.avif","Doremi Custom Bamboo Name Hoops | Personalized Street Authority","Iconic street style with a personalized touch. These Doremi earrings feature a classic bamboo-style texture in a bold hoop silhouette, customized with your name in an elegant script. It’s a powerful statement of identity and urban luxury that commands attention. #CustomHoops #BambooEarrings #PersonalizedStyle #ad","Earrings"
"https://s.click.aliexpress.com/e/_c4K1QeKf","https://raw.githubusercontent.com/avivaknin/PinterestImages/main/pinterst1/%D7%90%D7%91%D7%99%D7%96%D7%A8%D7%99%D7%9D/Earrings/2/%D7%94%D7%95%D7%A8%D7%93%D7%94%20%2813%29.png","Elite Diamond Drop Earrings ǀ Radiant Geometric Cut and Sophisticated Luxury Glow","These elite diamond drop earrings feature a radiant geometric cut designed to capture the light beautifully, offering a sophisticated and authoritative fashion presence. Crafted with premium precious metals, they provide a polished and timeless look that serves as the perfect finishing touch for any high-profile social or professional gala. Each pair represents a seamless blend of technical innovation and superior designer quality, making them an essential masterpiece for a curated luxury jewelry collection. #DiamondEarrings #LuxuryGlow #ad","Earrings"
"https://s.click.aliexpress.com/e/_c4k1mi23","https://raw.githubusercontent.com/avivaknin/PinterestImages/main/pinterest2/%D7%90%D7%91%D7%99%D7%96%D7%A8%D7%99%D7%9D/Earrings/3/Aaa672b33a1f649c383bd50090b573699L.png","Elite Signature Crystal Earrings ǀ Sleek Contemporary Cut and Premium Polished Finish","These elite signature crystal earrings feature a sleek contemporary cut and a premium polished finish that defines the pinnacle of modern luxury and style. Crafted from the finest materials, they offer a sharp and authoritative fashion profile that is ideal for those who appreciate fine artisan craftsmanship and a minimalist aesthetic. Elevate your personal rotation with a piece that captures the essence of artistic innovation and provides a trendy, high-end look for any prestigious occasion. #SignatureEarrings #EliteStyle #ad","Earrings"
"https://s.click.aliexpress.com/e/_c4K1QeKf","https://raw.githubusercontent.com/avivaknin/PinterestImages/main/pinterst1/%D7%90%D7%91%D7%99%D7%96%D7%A8%D7%99%D7%9D/Earrings/2/%D7%94%D7%95%D7%A8%D7%93%D7%94%20%2811%29.png","Exquisite Diamond Flower Cluster Earrings for Elegant Everyday Sparkle","Earrings Discover the beauty of layered bracelets with this stunning collection of pink and white bangles, featuring delicate floral and striped patterns. A perfect accent to any sophisticated outfit, adding a touch of charm and elegance. Ideal for daily wear or special occasions. #BraceletStacks #FashionAccessories #ChicStyle #ElegantJewelry #WristCandy #WomensFashion #affiliatelink","Earrings"
"https://s.click.aliexpress.com/e/_c44hLTZf","https://ae-pic-a1.aliexpress-media.com/kf/Sdcc4e4ff728a4ceeafbb3474091a6537W.png_480x480.png_.avif","Field Of Gold","Satin Bow Sandals | Romantic Party Wear","Earrings"
"https://s.click.aliexpress.com/e/_c4qqxHVn","https://ae-pic-a1.aliexpress-media.com/kf/Sa72fa196ad9042dfa3f62522fdf90a69f.jpg_480x480q75.jpg_.avif","Gilded Irregular Crystal Bloom Studs | Artisanal Botanical Glam","Nature’s beauty, reimagined in gold. These studs feature an irregular organic flower design, plated in rich gold and accented with shimmering micro-crystals. The artisanal, hand-sculpted look offers a sophisticated departure from traditional jewelry, adding a touch of botanical whimsy to your style. #FloralStuds #GoldJewelry #ArtisanalGlamour #ad","Earrings"
"https://s.click.aliexpress.com/e/_c3OIGHkV","https://ae-pic-a1.aliexpress-media.com/kf/Se0a243341a5d454da02ef5d1352c9db95.jpg_480x480q75.jpg_.avif","Golded Leather Monolith | The Chromatic Geometric Vault","Precision-engineered with high-velocity gilded geometry and statuesque leather-anchor architecture. This jewelry set radiates an aura of mission-ready power and unyielding high-fashion authority, serving as a definitive ornamental anchor for the visionary silhouette. #JewelrySet #GeometricVault #ChromaticArchitecture #ad","Earrings"
"https://s.click.aliexpress.com/e/_c3ebmEw9","https://ae-pic-a1.aliexpress-media.com/kf/S8cf62ba430a646c2a13ebf80d1a63dbaJ.jpg_480x480q75.jpg_.avif","Luyin Gilded Diamond-Style Trio | Refined Executive Sophistication","A trio of timeless luxury. The Luyin set features a coordinated pendant, ring, and earrings, each centered with a brilliant diamond-style stone. The rich gold setting and classic design radiate executive sophistication, making it an essential investment for a polished and powerful professional presence. #LuyinSet #GoldDiamonds #ExecutiveLuxury #ad","Earrings"
"https://s.click.aliexpress.com/e/_c3SPr2BD","https://ae-pic-a1.aliexpress-media.com/kf/S5ba9e9f4a5e54b8eb0862b2eb8251980z.jpg_480x480q75.jpg_.avif","Moissanite Monolith Apex | The Radiant Structural Shield","Featuring a high-authority silver anchor and statuesque Moissanite geometry for extreme light refraction. This stud radiates an aura of unapologetic power and unyielding boutique-level sophistication. #SilverStuds #RadiantShield #StructuralApex #ad","Earrings"
"https://s.click.aliexpress.com/e/_c3Zi0Syx","https://ae-pic-a1.aliexpress-media.com/kf/Sa0b0308cacf04f189fd44f18445a104c4.jpg_480x480q75.jpg_.avif","Moissanite Silver Pillar | The Luminous Geometric Vault","Precision-engineered with high-fidelity Moissanite geometry and a statuesque S925 silver framework. This piece radiates an aura of Quiet Luxury and unyielding professional-grade elegance, serving as a definitive radiant anchor. #MoissaniteEarrings #GeometricVault #LuminousStyle #ad","Earrings"
"https://s.click.aliexpress.com/e/_c3aj0da1","https://ae-pic-a1.aliexpress-media.com/kf/Sa4d71363efe64fe9a5cd83b4a23f1623G.jpg_480x480q75.jpg_.avif","Multicolor Floral Chromatic Set | Vibrant Artistic Splendor","A celebration of life and color. This R-Sat set features a bouquet of multicolor floral motifs, each encrusted with vibrant gemstones. The artistic design and playful palette make it a unique statement piece, perfect for adding a burst of high-fashion personality to a simple monochrome ensemble. #ColorfulJewelry #FloralSet #ArtisticLuxury #ad","Earrings"
"https://s.click.aliexpress.com/e/_c42XL7lJ","https://ae-pic-a1.aliexpress-media.com/kf/Sc94db022306641b8913710d831498dabG.jpg_480x480q75.jpg_.avif","Neetim Round Halo Studs | Celestial Moissanite Radiance","Captivate the room with a double-dose of brilliance. These Neetim studs feature a central Moissanite stone surrounded by a delicate shimmering halo. The silver setting provides a crisp, clean frame, creating a look of celestial radiance that elevates your everyday look or adds the finishing touch to bridal attire. #HaloStuds #NeetimJewelry #BridalSparkle #ad","Earrings"
"https://s.click.aliexpress.com/e/_c3K7YTnb","https://ae-pic-a1.aliexpress-media.com/kf/S91ef3a46ba9b42229dde3c35b9f8c606j.jpg_480x480q75.jpg_.avif","Neetim Solitaire Screw-Back Studs | Secure Precision Luxury","High-end brilliance meets absolute security. These Neetim solitaire studs feature premium Moissanite stones in a classic setting, finished with a secure screw-back closure. Perfect for the woman on the move, they offer the peace of mind of a secure fit with the world-class fire of precision-cut stones. #SolitaireStuds #ScrewBackJewelry #SecureLuxury #ad","Earrings"
"https://s.click.aliexpress.com/e/_c4ednbRx","https://ae-pic-a1.aliexpress-media.com/kf/S9b3129f7d3fb43d880e3fb9011f1556dC.jpg_480x480q75.jpg_.avif","Nkhog Moissanite Diamond Drops | Fluid Movement & Light","Dance with every beam of light. These Nkhog drop earrings feature cascading Moissanite stones that create a fluid, shimmering effect. The elegant movement and elongated silhouette make them a breathtaking choice for evening events, framing the face with a touch of sophisticated, high-end drama. #DropEarrings #MoissaniteDrops #EveningRadiance #ad","Earrings"
"https://s.click.aliexpress.com/e/_c4bJJoZL","https://ae-pic-a1.aliexpress-media.com/kf/S539aad0bb91a41c68317e2bbd8df6c1aw.jpg_220x220q75.jpg_.avif","Noir Dangle Apex | The Obsidian Kinetic Anchor","Defined by extreme statuesque verticality and a high-integrity black framework. This piece radiates an aura of mission-ready urban grit and unyielding industrial-grade authority, framing the silhouette with surgical precision. #BlackEarrings #ObsidianAnchor #KineticStyle #ad","Earrings"
"https://s.click.aliexpress.com/e/_c4K1QeKf","https://raw.githubusercontent.com/avivaknin/PinterestImages/main/pinterst1/%D7%90%D7%91%D7%99%D7%96%D7%A8%D7%99%D7%9D/Earrings/2/%D7%94%D7%95%D7%A8%D7%93%D7%94%20%289%29.png","Outerwea7 description_imageSde24134f39a349b3b3a947.jpg","Discover the ultimate expression of urban luxury with this sophisticated minimalist trench, defined by its sleek modern lines and meticulous designer craftsmanship. The premium fabric drapes with effortless beauty, creating a polished silhouette that is perfect for those who appreciate high-end detailing and an authoritative presence. It represents a beautiful harmony of minimalist design and opulent texture, making it an essential piece for a curated and elite personal fashion collection. The high-quality construction and refined detailing offer a professional yet fashionable appearance that is perfect for maintaining a sharp profile in any setting. This trench provides a seamless blend of classic charm and modern innovation, ensuring you stand out with undeniable elegance and superior quality. #MinimalistTrench #ModernLuxe #ad","Earrings"
"https://s.click.aliexpress.com/e/_c3qmH5tB","https://ae-pic-a1.aliexpress-media.com/kf/Se8adda695ac94fc2b8308458c30761f2y.jpg_480x480q75.jpg_.avif","Oval Diamond Stud Earrings | Classic Luxury Jewelry","Add a touch of timeless elegance to your collection with these Oval Diamond Stud Earrings. Featuring a brilliant cut that maximizes sparkle, these studs are the perfect sophisticated accessory for every day or special occasions. #DiamondStuds #OvalDiamond #FineJewelry #ClassicElegance #JewelryLover","Earrings"
"https://s.click.aliexpress.com/e/_c4k1mi23","https://raw.githubusercontent.com/avivaknin/PinterestImages/main/pinterest2/%D7%90%D7%91%D7%99%D7%96%D7%A8%D7%99%D7%9D/Earrings/3/Sbb4689a801fe4d8390a9ef16d482e0891.png","Premier Avant-Garde Luxury Drops ǀ Bold Architectural Design and Elite Technical Polish","Redefine boundaries with these premier avant-garde luxury drops, featuring a bold architectural design and an elite technical polish that commands respect in any setting. The innovative craftsmanship and unique structure ensure a durable and high-fashion aesthetic, providing a polished profile that reflects a deep passion for artistic innovation. They serve as a stunning masterpiece of modern jewelry design, offering a seamless blend of sophisticated charm and superior, high-end designer quality. #AvantGardeDrops #ModernMasterpiece #ad","Earrings"
"https://s.click.aliexpress.com/e/_c4K1QeKf","https://raw.githubusercontent.com/avivaknin/PinterestImages/main/pinterst1/%D7%90%D7%91%D7%99%D7%96%D7%A8%D7%99%D7%9D/Earrings/2/%D7%94%D7%95%D7%A8%D7%93%D7%94%20%288%29.png","Radiant Emerald Heritage Studs ǀ Vibrant Regal Aesthetic and Lustrous Gold Detailing","Command attention with these majestic emerald heritage studs, designed with a vibrant regal aesthetic that captures the essence of timeless beauty and modern craftsmanship. The lustrous gold detailing and high-quality gemstones provide an exceptional sensory experience, ensuring you radiate high-fashion charm and confidence throughout any prestigious celebration. These earrings are a stunning addition to any luxury wardrobe, providing a polished and trendy appearance that adds unparalleled glamour to your style. #EmeraldHeritage #RegalStuds #ad","Earrings"
"https://s.click.aliexpress.com/e/_c2vsXQwH","https://ae-pic-a1.aliexpress-media.com/kf/S8a4ff05fba8c45eeae8af8b95fe90204r.jpg_480x480q75.jpg_.avif","Robukf Custom-Size Solitaire Studs | Personalized Ethical Fire","Tailored to your personal taste. These Robukf studs offer the brilliance of Moissanite in a variety of carat-equivalent sizes. Set in a minimalist sterling silver mount, they provide an ethical and high-end alternative to diamonds, ensuring a custom look of sophisticated and timeless fire. #MoissaniteStuds #CustomJewelry #EthicalLuxury #ad","Earrings"
"https://s.click.aliexpress.com/e/_c2vbb0NT","https://ae-pic-a1.aliexpress-media.com/kf/S4134ef8f0a0c4fa48d91ddb3b4f72b25M.jpg_480x480q75.jpg_.avif","Signature Pavé Rhinestone 4-Piece Set | Ultimate Gala Luxury","The pinnacle of coordinated elegance. This 4-piece set includes a necklace, bracelet, earrings, and ring, all featuring precision-set pavé rhinestones in a stunning gold finish. The cohesive design ensures a polished, Red Carpet look that perfectly complements your most sophisticated evening gown. #LuxurySet #PaveJewelry #RedCarpetStyle #ad","Earrings"
"https://s.click.aliexpress.com/e/_c2vTNqnR","https://ae-pic-a1.aliexpress-media.com/kf/Sde80c34d7d614dfab35d0ac07fd60719N.jpg_480x480q75.jpg_.avif","Sparkling Crystal Climber Earrings | Trendy Ear Crawler Jewelry","Elevate your ear stack with these Sparkling Crystal Climber Earrings. Designed to follow the natural curve of your ear, these crawlers add a modern and edgy sparkle to any look. #EarClimbers #CrystalEarrings #EarCrawler #ModernJewelry #SparkleAndShine","Earrings"
"https://s.click.aliexpress.com/e/_c3d3e1KB","https://ae-pic-a1.aliexpress-media.com/kf/S62fed3a277fe4f7aadce73956f669d2e5.jpg_480x480q75.jpg_.avif","Sparkling Hoop Stud Earrings | Versatile Glamour Hoops","The perfect blend of a stud and a hoop. These Sparkling Hoop Stud Earrings offer double the shine with a secure fit, making them an essential addition to your jewelry box for effortless glam. #HoopEarrings #StudEarrings #SparklingJewelry #EverydayGlam #JewelryEssentials","Earrings"
"https://s.click.aliexpress.com/e/_c3BW8ut9","https://ae-pic-a1.aliexpress-media.com/kf/S9e16f0ca53dc48ad874a933efba20658h.jpg_480x480q75.jpg_.avif","Sparkling Moissanite Halo Earrings | Brilliant Bridal Studs","Experience breathtaking brilliance with these Moissanite Halo Earrings. Surrounded by a shimmering halo of stones, they offer a luxurious look that rivals traditional diamonds. Ideal for brides or anniversary gifts. #MoissaniteEarrings #HaloEarrings #BridalJewelry #LuxuryGift #FineJewelry","Earrings"
"https://s.click.aliexpress.com/e/_c4K1QeKf","https://raw.githubusercontent.com/avivaknin/PinterestImages/main/pinterest2/%D7%90%D7%91%D7%99%D7%96%D7%A8%D7%99%D7%9D/Earrings/2/A6cd64bd634d64a359352882b9e9faf0cJ.png","Sparkling Round Stud Earrings: Timeless Elegance for Everyday Wear","Earrings Elevate your style with these exquisite sparkling round stud earrings. Perfect for adding a touch of brilliance to any outfit, from casual to formal. A classic and versatile piece that belongs in every jewelry collection. #StudEarrings #Sparkle #JewelryStyle #ClassicElegance #EarringLove #EverydayJewelry #affiliatelink","Earrings"
"https://s.click.aliexpress.com/e/_c4OkkMC1","https://ae-pic-a1.aliexpress-media.com/kf/S6db104edb3c946439077575df9029bcaV.jpg_220x220q75.jpg_.avif","Szjinao Pear-Cut Gold Drops | Statuesque Teardrop Grace","Elongate your silhouette with artistic grace. These Szjinao drop earrings feature stunning pear-cut stones suspended from a rich yellow-gold mount. The fluid movement and classic teardrop shape offer a sophisticated and statuesque look that adds a touch of Old World glamour to modern evening wear. #PearDropEarrings #GoldDangle #SzjinaoJewelry #ad","Earrings"
"https://s.click.aliexpress.com/e/_c3vKYuad","https://ae-pic-a1.aliexpress-media.com/kf/S97be9a6fe341470cb95090ba18982d1bC.jpg_480x480q75.jpg_.avif","Taoyue Half-Eternity Moissanite Hoops | Refined Daily Fire","The ultimate upgrade to the classic hoop. These Taoyue earrings feature a half-eternity setting of brilliant Moissanite stones along the front edge of the silver hoop. The result is a look of continuous light and refined fire that elevates your daily wardrobe with a touch of sophisticated luxury. #MoissaniteHoops #SilverJewelry #HalfEternity #ad","Earrings"
"https://s.click.aliexpress.com/e/_c3xVSUNN","https://ae-pic-a1.aliexpress-media.com/kf/S0de94beb1ef047d590cb43208bd4eb9fr.jpg_220x220q75.jpg_.avif","Vintage Metallic Box | Luxury Dinner Bag","Experience the ultimate in luxury with this stunning metallic box clutch designed for black tie events. The rich silver finish and structured silhouette offer a regal and polished appearance for grand social gatherings. Crafted with premium materials to ensure a durable and high quality finish for a sophisticated social look. This bag features a timeless design that ensures you stay stylish throughout the entire gala ceremony night. #silverclutch #metallicbag #boxclutch #formalwear #luxuryfashion #weddingpurse #style #elegant","Earrings"